<?xml version="1.0" encoding="UTF-8"?>
<metadata><idinfo><citation><citeinfo><origin>Nevada Department of Transportation</origin><pubdate>Unpublished Material</pubdate><title Sync="TRUE">nv_county_NDOT</title><geoform Sync="TRUE">vector digital data</geoform><serinfo/><pubinfo/><ftname Sync="TRUE">nv_county_NDOT</ftname><onlink Sync="TRUE">Service=sde:sqlserver:ilmocop3db2\sdesqlnv; Database=ilmnvcorp; User=ilmnvdbo; Version=sde.DEFAULT</onlink></citeinfo></citation><descript><abstract>This data represents county boundaries within the state of Nevada. Polygons are labeled with the county name.</abstract><purpose>It is intended to be used as a supplemental map layer representing the county boundaries in Nevada.</purpose><supplinf>The information in this map coverage originated at the Nevada Department of Transportation office in Carson City, Nevada.</supplinf><langdata Sync="TRUE">en</langdata></descript><timeperd><timeinfo><sngdate><caldate>2007</caldate></sngdate></timeinfo><current>Map Creation Date</current></timeperd><status><progress>Complete</progress><update>As needed</update></status><spdom><bounding><westbc Sync="TRUE">-120.143053</westbc><eastbc Sync="TRUE">-113.794400</eastbc><northbc Sync="TRUE">42.034595</northbc><southbc Sync="TRUE">34.990001</southbc></bounding><lboundng><leftbc Sync="TRUE">239651.495800</leftbc><rightbc Sync="TRUE">765537.236500</rightbc><bottombc Sync="TRUE">3875801.846000</bottombc><topbc Sync="TRUE">4653617.252800</topbc></lboundng></spdom><keywords><theme><themekt>None</themekt><themekey>County</themekey><themekey>Boundary</themekey></theme><place><placekt>None</placekt><placekey>Nevada</placekey><placekey>Carson City</placekey><placekey>Churchill</placekey><placekey>Clark</placekey><placekey>Douglas</placekey><placekey>Elko</placekey><placekey>Esmeralda</placekey><placekey>Eureka</placekey><placekey>Humboldt</placekey><placekey>Lander</placekey><placekey>Lincoln</placekey><placekey>Lyon</placekey><placekey>Mineral</placekey><placekey>Nye</placekey><placekey>Pershing</placekey><placekey>Storey</placekey><placekey>Washoe</placekey><placekey>White Pine</placekey></place></keywords><accconst>Although this data is made available by the BLM Nevada State Office, no liability is assumed for the current accuracy or utility of the data on any system or for general or scientific purposes, nor shall the act of distribution constitute any such warranty for individual or aggregate data use with other data. The BLM shall not be held liable for improper use of the data described and/or contained herein.  By using this data you hereby agree to these conditions.</accconst><useconst>Reference and acknowledge the Nevada Department of Transportation in products derived from this map.</useconst><ptcontac><cntinfo><cntperp><cntper>GIS Coordinator</cntper><cntorg>USDOI - BLM - Nevada State Office</cntorg></cntperp><cntpos>GIS Coordinator</cntpos><cntaddr><addrtype>mailing address</addrtype><address>P.O. Box 12000</address><city>Reno</city><state>Nevada</state><postal>89520-0006</postal><country>USA</country></cntaddr><cntvoice>775-861-6400</cntvoice><cntemail>MOBrien@BLM.gov</cntemail></cntinfo></ptcontac><datacred>Nevada Department of Transportation</datacred><native Sync="TRUE">Microsoft Windows XP Version 5.1 (Build 2600) Service Pack 2; ESRI ArcCatalog 9.2.0.1324</native><natvform Sync="TRUE">File Geodatabase Feature Class</natvform></idinfo><dataqual><attracc><attraccr>For information contact the Nevada Department of Transportation</attraccr></attracc><logic>Polygon  topology present.
Polygons have unique identification values, and all polygons are closed.</logic><complete>This map is current as of 2007 and is complete with regard to its intended use.</complete><posacc><horizpa><horizpar>For information contact the Nevada Department of Transportation</horizpar></horizpa></posacc><lineage><srcinfo><srccite><citeinfo><origin>Nevada Department of Transportation</origin><pubdate>Unpublished Material</pubdate><title>Nevada County Boundaries</title><geoform>map</geoform><serinfo/><pubinfo><pubplace>Carson City, Nevada</pubplace><publish>Nevada Department of Transportation</publish></pubinfo></citeinfo></srccite><srcscale>100000</srcscale><typesrc>Various sources</typesrc><srctime><timeinfo><sngdate><caldate>2007</caldate></sngdate></timeinfo><srccurr>Map creation date</srccurr></srctime><srccitea>nv_county_NDOT</srccitea><srccontr>base layer data</srccontr></srcinfo><procstep><procdesc Sync="TRUE">Metadata imported.</procdesc><srcused Sync="TRUE">C:\DOCUME~1\mobrien\LOCALS~1\Temp\xml2163.tmp</srcused><date Sync="TRUE">20070806</date><time Sync="TRUE">06390900</time></procstep><procstep><procdesc>Shape file converted to a file geodata base</procdesc><procsv>ESRI Arcmap 9.2</procsv><procdate>August 2007</procdate></procstep><procstep><procdesc Sync="TRUE">Dataset copied.</procdesc><srcused Sync="TRUE">\\blm\dfs\loc\egis\NV\GIS_Reference\Geodatabases\Boundaries.gdb</srcused><procdate Sync="TRUE">20110713</procdate><proctime Sync="TRUE">11090800</proctime></procstep></lineage></dataqual><spdoinfo><direct Sync="TRUE">Vector</direct><ptvctinf><sdtsterm Name="nv_county_NDOT"><sdtstype Sync="TRUE">G-polygon</sdtstype><ptvctcnt Sync="TRUE">0</ptvctcnt></sdtsterm><sdtsterm><sdtstype>Label point</sdtstype><ptvctcnt>17</ptvctcnt></sdtsterm><sdtsterm><sdtstype>GT-polygon composed of chains</sdtstype><ptvctcnt>19</ptvctcnt></sdtsterm><sdtsterm><sdtstype>Point</sdtstype><ptvctcnt>4</ptvctcnt></sdtsterm><esriterm Name="nv_county_NDOT"><efeatyp Sync="TRUE">Simple</efeatyp><efeageom Sync="TRUE">Polygon</efeageom><esritopo Sync="TRUE">FALSE</esritopo><efeacnt Sync="TRUE">0</efeacnt><spindex Sync="TRUE">TRUE</spindex><linrefer Sync="TRUE">FALSE</linrefer><XYRank Sync="TRUE">1</XYRank><ZRank Sync="TRUE">1</ZRank><topoWeight Sync="TRUE">5.000000</topoWeight><validateEvents Sync="TRUE">FALSE</validateEvents><partTopoRules><topoRuleID Sync="TRUE">15</topoRuleID></partTopoRules><partTopoRules><topoRuleID Sync="TRUE">16</topoRuleID></partTopoRules><partTopoRules><topoRuleID Sync="TRUE">19</topoRuleID></partTopoRules><partTopoRules><topoRuleID Sync="TRUE">20</topoRuleID></partTopoRules></esriterm></ptvctinf></spdoinfo><spref><horizsys><planar><planci><plance Sync="TRUE">coordinate pair</plance><coordrep><absres Sync="TRUE">0.000100</absres><ordres Sync="TRUE">0.000100</ordres></coordrep><plandu Sync="TRUE">meters</plandu></planci><gridsys><gridsysn Sync="TRUE">Universal Transverse Mercator</gridsysn><utm><utmzone Sync="TRUE">11</utmzone><transmer><sfctrmer Sync="TRUE">0.999600</sfctrmer><longcm Sync="TRUE">-117.000000</longcm><latprjo Sync="TRUE">0.000000</latprjo><feast Sync="TRUE">500000.000000</feast><fnorth Sync="TRUE">0.000000</fnorth></transmer></utm></gridsys></planar><geodetic><horizdn Sync="TRUE">North American Datum of 1983</horizdn><ellips Sync="TRUE">Geodetic Reference System 80</ellips><semiaxis Sync="TRUE">6378137.000000</semiaxis><denflat Sync="TRUE">298.257222</denflat></geodetic><cordsysn><geogcsn Sync="TRUE">GCS_North_American_1983</geogcsn><projcsn Sync="TRUE">NAD_1983_UTM_Zone_11N</projcsn></cordsysn></horizsys><vertdef><altsys><altenc Sync="TRUE">Explicit elevation coordinate included with horizontal coordinates</altenc><altres Sync="TRUE">0.000100</altres></altsys></vertdef></spref><eainfo><detailed Name="nv_county_NDOT"><attr><attrlabl>Shape</attrlabl><attrdef>Feature geometry.</attrdef><attrdefs>ESRI</attrdefs><attrdomv><edom><edomv>Sequential unique positive integer.</edomv></edom></attrdomv></attr><enttyp><enttypl Sync="TRUE">nv_county_NDOT</enttypl><enttypd>Arc Attribute Table</enttypd><enttypds>ESRI</enttypds><enttypt Sync="TRUE">Feature Class</enttypt><enttypc Sync="TRUE">0</enttypc></enttyp><attr><attrlabl Sync="TRUE">OBJECTID</attrlabl><attalias Sync="TRUE">OBJECTID</attalias><attrtype Sync="TRUE">OID</attrtype><attwidth Sync="TRUE">4</attwidth><atprecis Sync="TRUE">0</atprecis><attscale Sync="TRUE">0</attscale><attrdef Sync="TRUE">Internal feature number.</attrdef><attrdefs Sync="TRUE">ESRI</attrdefs><attrdomv><udom Sync="TRUE">Sequential unique whole numbers that are automatically generated.</udom></attrdomv></attr><attr><attrlabl Sync="TRUE">SHAPE</attrlabl><attalias Sync="TRUE">SHAPE</attalias><attrtype Sync="TRUE">Geometry</attrtype><attwidth Sync="TRUE">0</attwidth><atprecis Sync="TRUE">0</atprecis><attscale Sync="TRUE">0</attscale><attrdef Sync="TRUE">Feature geometry.</attrdef><attrdefs Sync="TRUE">ESRI</attrdefs><attrdomv><udom Sync="TRUE">Coordinates defining the features.</udom></attrdomv></attr><attr><attrlabl Sync="TRUE">COUNTYNAME</attrlabl><attalias Sync="TRUE">COUNTYNAME</attalias><attrtype Sync="TRUE">String</attrtype><attwidth Sync="TRUE">30</attwidth><atprecis Sync="TRUE">0</atprecis><attscale Sync="TRUE">0</attscale><attrdef>Name of the County</attrdef><attrdefs>Nevada Department of Transportation</attrdefs></attr><attr><attrlabl Sync="TRUE">COUNTYABBR</attrlabl><attalias Sync="TRUE">COUNTYABBR</attalias><attrtype Sync="TRUE">String</attrtype><attwidth Sync="TRUE">2</attwidth><atprecis Sync="TRUE">0</atprecis><attscale Sync="TRUE">0</attscale><attrdef>Abbreviation of the county name</attrdef><attrdefs>Nevada Department of Transportation</attrdefs></attr><attr><attrlabl Sync="TRUE">COUNTYSEAT</attrlabl><attalias Sync="TRUE">COUNTYSEAT</attalias><attrtype Sync="TRUE">String</attrtype><attwidth Sync="TRUE">30</attwidth><atprecis Sync="TRUE">0</atprecis><attscale Sync="TRUE">0</attscale><attrdef>Community name where the county government resides</attrdef><attrdefs>Nevada Department of Transportation</attrdefs></attr><attr><attrlabl Sync="TRUE">SHAPE_Length</attrlabl><attalias Sync="TRUE">SHAPE_Length</attalias><attrtype Sync="TRUE">Double</attrtype><attwidth Sync="TRUE">8</attwidth><atprecis Sync="TRUE">0</atprecis><attscale Sync="TRUE">0</attscale><attrdef Sync="TRUE">Length of feature in internal units.</attrdef><attrdefs Sync="TRUE">ESRI</attrdefs><attrdomv><udom Sync="TRUE">Positive real numbers that are automatically generated.</udom></attrdomv></attr><attr><attrlabl Sync="TRUE">SHAPE_Area</attrlabl><attalias Sync="TRUE">SHAPE_Area</attalias><attrtype Sync="TRUE">Double</attrtype><attwidth Sync="TRUE">8</attwidth><atprecis Sync="TRUE">0</atprecis><attscale Sync="TRUE">0</attscale><attrdef Sync="TRUE">Area of feature in internal units squared.</attrdef><attrdefs Sync="TRUE">ESRI</attrdefs><attrdomv><udom Sync="TRUE">Positive real numbers that are automatically generated.</udom></attrdomv></attr><attr><attrlabl Sync="TRUE">STplandNUM</attrlabl><attalias Sync="TRUE">STplandNUM</attalias><attrtype Sync="TRUE">SmallInteger</attrtype><attwidth Sync="TRUE">2</attwidth><atprecis Sync="TRUE">0</atprecis><attscale Sync="TRUE">0</attscale><attrdef>State Plane coordinate code for the county</attrdef><attrdefs>Nevada Bureau of Land Management</attrdefs></attr><attr><attrlabl Sync="TRUE">STplanName</attrlabl><attalias Sync="TRUE">STplanName</attalias><attrtype Sync="TRUE">String</attrtype><attwidth Sync="TRUE">20</attwidth><atprecis Sync="TRUE">0</atprecis><attscale Sync="TRUE">0</attscale><attrdef>Name for the state plane coordinate in the county</attrdef><attrdefs>Nevada Bureau of Land Management</attrdefs></attr><attr><attrlabl Sync="TRUE">Label</attrlabl><attalias Sync="TRUE">Label</attalias><attrtype Sync="TRUE">String</attrtype><attwidth Sync="TRUE">25</attwidth><atprecis Sync="TRUE">0</atprecis><attscale Sync="TRUE">0</attscale><attrdef>Name of the county for cartographic purposes</attrdef><attrdefs>Nevada Bureau of Land Management</attrdefs></attr></detailed><detailed><enttyp><enttypl>county100.pat</enttypl><enttypd>Polygon Attribute Table</enttypd><enttypds>ESRI</enttypds></enttyp><attr><attrlabl>FID</attrlabl><attrdef>Internal feature number.</attrdef><attrdefs>ESRI</attrdefs><attrdomv><edom><edomv>Sequential unique positive integer</edomv></edom></attrdomv></attr><attr><attrlabl>Shape</attrlabl><attrdef>Feature geometry.</attrdef><attrdefs>ESRI</attrdefs><attrdomv><edom><edomv>Sequential unique positive integer</edomv></edom></attrdomv></attr><attr><attrlabl>AREA</attrlabl><attrdef>Area of feature in internal units squared.</attrdef><attrdefs>ESRI</attrdefs><attrdomv><edom><edomv>Sequential unique positive integer</edomv></edom></attrdomv></attr><attr><attrlabl>PERIMETER</attrlabl><attrdef>Perimeter of feature in internal units.</attrdef><attrdefs>ESRI</attrdefs><attrdomv><edom/></attrdomv></attr><attr><attrlabl>COUNTY100#</attrlabl><attrdef>Internal feature number.</attrdef><attrdefs>ESRI</attrdefs><attrdomv><edom><edomv>Sequential unique positive integer</edomv></edom></attrdomv></attr><attr><attrlabl>COUNTY100-ID</attrlabl><attrdef>User-defined feature number.</attrdef><attrdefs>ESRI</attrdefs><attrdomv><edom><edomv>Sequential unique positive integer</edomv></edom></attrdomv></attr><attr><attrlabl>STATECTY</attrlabl><attrdef>Internal feature number</attrdef><attrdefs>User Defined</attrdefs><attrdomv><udom>User Defined</udom></attrdomv></attr><attr><attrlabl>ST</attrlabl><attrdef>User-assigned feature label</attrdef><attrdefs>User-defined</attrdefs><attrdomv><udom>User Defined</udom></attrdomv></attr><attr><attrlabl>CNTYNAME</attrlabl><attrdef>County Name</attrdef><attrdefs>User Defined</attrdefs><attrdomv><udom>User Defined</udom></attrdomv></attr><attr><attrlabl>COV-NAME</attrlabl><attrdef>County Name</attrdef><attrdefs>User Defined</attrdefs><attrdomv><udom>User Defined</udom></attrdomv></attr><attr><attrlabl>POLYTYPE</attrlabl><attrdef>User defined value</attrdef><attrdefs>User Defined</attrdefs><attrdomv><udom>User Defined</udom></attrdomv></attr><attr><attrlabl>FIPS:ST</attrlabl><attrdef>Federal Information Processing Standard - State code</attrdef></attr><attr><attrlabl>FIPS:CO</attrlabl><attrdef>Federal Information Processing Standard - County code</attrdef></attr><attr><attrlabl>FIPS</attrlabl><attrdef>Federal Information Processing Standard - Combined State &amp; county</attrdef></attr></detailed><detailed><enttyp><enttypl>COUNTY100.REL:</enttypl><enttypd>RELTable</enttypd><enttypds>ESRI</enttypds></enttyp><attr><attrlabl>COUNTY100#</attrlabl><attrdef>Internal feature number</attrdef><attrdefs>Computed</attrdefs><attrdomv><edom><edomv>Positive real numbers.</edomv></edom></attrdomv></attr><attr><attrlabl>COUNTY100-ID</attrlabl><attrdef>Internal feature number</attrdef><attrdefs>Computed</attrdefs><attrdomv><edom><edomv>Sequential unique positive integer</edomv></edom></attrdomv></attr><attr><attrlabl>CNTYNAME</attrlabl><attrdef>User-identified text</attrdef><attrdefs>User-defined</attrdefs><attrdomv><edom><edomv>Text</edomv><edomvd>Name of the county.</edomvd></edom></attrdomv></attr></detailed><overview/></eainfo><distinfo><distrib><cntinfo><cntorgp><cntorg>USDOI Bureau of Land Management</cntorg><cntper>GIS Coordinator</cntper></cntorgp><cntpos>GIS Coordinator</cntpos><cntaddr><addrtype>mailing address</addrtype><address>P.O. Box 12000</address><city>Reno</city><state>Nevada</state><postal>89520-0006</postal><country>USA</country></cntaddr><cntvoice>775-861-6400</cntvoice><cntemail>MOBrien@BLM.gov</cntemail></cntinfo></distrib><resdesc>Downloadable Data</resdesc><distliab>The Bureau of Land Management (BLM) provides these geographic data "as is."  BLM makes no guarantee or warranty concerning the accuracy of information contained in the geographic data.  BLM further makes no warranties, either expressed or implied as to any other matter whatsoever, including, without limitation, the condition of the product, or its fitness for any particular purpose.  The burden for determining fitness for use lies entirely with the user.  Although these data have been processed successfully on computers of BLM, no warranty, expressed or implied, is made by BLM regarding the use of these data on any other system, nor does the fact of distribution constitute or imply any such warranty.</distliab><stdorder><digform><digtinfo><transize>0.131</transize></digtinfo></digform></stdorder></distinfo><metainfo><metd Sync="TRUE">20090224</metd><metrd>20030703</metrd><metc><cntinfo><cntorgp><cntorg>Bureau of Land Management</cntorg><cntper>GIS Coordinator</cntper></cntorgp><cntpos>GIS Coordinator</cntpos><cntaddr><addrtype>mailing address</addrtype><address>P.O. Box 12000</address><city>Reno</city><state>Nevada</state><postal>89520-0006</postal><country>USA</country></cntaddr><cntvoice>775-861-6400</cntvoice><cntemail>MO'Brien@BLM.gov</cntemail></cntinfo></metc><metstdn Sync="TRUE">FGDC Content Standards for Digital Geospatial Metadata</metstdn><metstdv Sync="TRUE">FGDC-STD-001-1998</metstdv><mettc Sync="TRUE">local time</mettc><metac>Although this data is made available by the BLM Nevada State Office, no liability is assumed for the current accuracy or utility of the data on any system or for general or scientific purposes, nor shall the act of distribution constitute any such warranty for individual or aggregate data use with other data. The BLM shall not be held liable for improper use of the data described and/or contained herein.  By using this data you hereby agree to these conditions.</metac><metuc>Reference and acknowledge the Nevada Department of Transportation in products derived from this map.</metuc><metextns><onlink>http://www.esri.com/metadata/esriprof80.html</onlink><metprof>ESRI Metadata Profile</metprof></metextns><langmeta Sync="TRUE">en</langmeta><metextns><onlink Sync="TRUE">http://www.esri.com/metadata/esriprof80.html</onlink><metprof Sync="TRUE">ESRI Metadata Profile</metprof></metextns></metainfo><Esri><CreaDate>20140312</CreaDate><CreaTime>09335900</CreaTime><SyncOnce>FALSE</SyncOnce><SyncDate>20090224</SyncDate><SyncTime>15305800</SyncTime><ModDate>20090224</ModDate><ModTime>15305800</ModTime><Sync>FALSE</Sync><DataProperties><lineage><Process ToolSource="C:\Program Files\ArcGIS\ArcToolbox\Toolboxes\Data Management Tools.tbx\CopyFeatures" Date="20070807" Time="080611">CopyFeatures G:\geo_work\proj\landown_update\update070724\update_state_county_dist\NV_State_County_District_Boundary.gdb\NV_State_County_District_Boundary\nv_county_NDOT G:\geo_work\proj\landown_update\update070724\landowner_update2100708.gdb\landowner_parts\nv_county_NDOT # 0 0 0</Process><Process ToolSource="C:\Program Files\ArcGIS\ArcToolbox\Toolboxes\Data Management Tools.tbx\CopyFeatures" Date="20090218" Time="124732">CopyFeatures G:\Gis_data\statewide\lands\landowner.gdb\landowner_parts\nv_county_NDOT M:\gis_work\district\range\bwilson\SO_Downloads\Ownership.mdb\nv_county_NDOT # 0 0 0</Process><Process ToolSource="C:\Program Files\ArcGIS\ArcToolbox\Toolboxes\Data Management Tools.tbx\CopyFeatures" Date="20090218" Time="163514">CopyFeatures M:\gis_work\district\range\bwilson\SO_Downloads\Ownership.mdb\nv_county_NDOT M:\gis_work\district\range\bwilson\SO_Downloads\Landowner.mdb\Owner_Pieces\nv_county_NDOT # 0 0 0</Process><Process ToolSource="C:\Program Files\ArcGIS\ArcToolbox\Toolboxes\Data Management Tools.tbx\CopyFeatures" Date="20090224" Time="153058">CopyFeatures M:\gis_data\statewide\lands\Landowner.mdb\Owner_Pieces\nv_county_NDOT M:\gis_data\statewide\lands\Boundries.gdb\Owner_Pieces\nv_county_NDOT # 0 0 0</Process></lineage><itemProps><itemLocation><linkage Sync="TRUE">file://\\blm\dfs\loc\egis\NV\GIS_Work\NSO\Project\GIS\CQ_Work\New_CQ_Files\GDBs\NV_County_Boundaries_gdb\NV_County_Boundaries.gdb</linkage><protocol Sync="TRUE">Local Area Network</protocol></itemLocation></itemProps></DataProperties><ArcGISFormat>1.0</ArcGISFormat><ArcGISstyle>FGDC CSDGM Metadata</ArcGISstyle></Esri><dataIdInfo><envirDesc Sync="TRUE">Microsoft Windows XP Version 5.1 (Build 2600) Service Pack 2; ESRI ArcCatalog 9.2.0.1324</envirDesc><dataLang><languageCode Sync="TRUE" value="en"/></dataLang><idCitation><resTitle Sync="TRUE">nv_county_NDOT</resTitle><presForm><PresFormCd Sync="TRUE" value="005"/></presForm></idCitation><dataExt><geoEle><GeoBndBox esriExtentType="native"><westBL Sync="TRUE">239651.4958</westBL><eastBL Sync="TRUE">765537.2365</eastBL><northBL Sync="TRUE">4653617.2528</northBL><southBL Sync="TRUE">3875801.846</southBL><exTypeCode Sync="TRUE">1</exTypeCode></GeoBndBox></geoEle></dataExt><geoBox esriExtentType="decdegrees"><westBL Sync="TRUE">-120.143053</westBL><eastBL Sync="TRUE">-113.7944</eastBL><northBL Sync="TRUE">42.034595</northBL><southBL Sync="TRUE">34.990001</southBL><exTypeCode Sync="TRUE">1</exTypeCode></geoBox><spatRpType><SpatRepTypCd Sync="TRUE" value="001"/></spatRpType></dataIdInfo><mdLang><languageCode Sync="TRUE" value="en"/></mdLang><mdStanName Sync="TRUE">ISO 19115 Geographic Information - Metadata</mdStanName><mdStanVer Sync="TRUE">DIS_ESRI1.0</mdStanVer><mdChar><CharSetCd Sync="TRUE" value="004"/></mdChar><mdHrLv><ScopeCd Sync="TRUE" value="005"/></mdHrLv><mdHrLvName Sync="TRUE">dataset</mdHrLvName><distInfo><distributor><distorTran><onLineSrc><orDesc Sync="TRUE">002</orDesc><linkage Sync="TRUE">file://Service=sde:sqlserver:ilmocop3db2\sdesqlnv; Database=ilmnvcorp; User=ilmnvdbo; Version=sde.DEFAULT</linkage><protocol Sync="TRUE">Local Area Network</protocol></onLineSrc></distorTran><distorFormat><formatName Sync="TRUE">File Geodatabase Feature Class</formatName></distorFormat></distributor></distInfo><refSysInfo><RefSystem><refSysID><identCode Sync="TRUE">NAD_1983_UTM_Zone_11N</identCode></refSysID></RefSystem></refSysInfo><spatRepInfo><VectSpatRep><topLvl><TopoLevCd Sync="TRUE" value="001"/></topLvl><geometObjs Name="nv_county_NDOT"><geoObjTyp><GeoObjTypCd Sync="TRUE" value="001"/></geoObjTyp><geoObjCnt Sync="TRUE">0</geoObjCnt></geometObjs></VectSpatRep></spatRepInfo><mdDateSt Sync="TRUE">20090224</mdDateSt></metadata>
