<?xml version="1.0" encoding="ISO-8859-1"?>
<!DOCTYPE metadata SYSTEM "http://www.fgdc.gov/metadata/fgdc-std-001-1998.dtd">
<metadata>
	<idinfo>
		<citation>
			<citeinfo>
				<origin>United States Geological Survey, Western Research Ecological Center, Las Vegas Field Station.</origin>
				<pubdate>Unpublished Material</pubdate>
				<geoform>remote-sensing image</geoform>
			</citeinfo>
		</citation>
		<descript>
			<purpose>Boundary file used to display habitat suitability models for several targeted species in the Gold Butte area of Clark County, Nevada conducted on behalf of the Bureau of Land Management, by the United States Geological Survey, Western Research Ecological Center, Las Vegas Field Station for the project Gold Butte Wildlife and Plant Habitat Modeling.</purpose>
		</descript>
		<timeperd>
			<timeinfo>
				<sngdate>
					<caldate>2010</caldate>
				</sngdate>
			</timeinfo>
			<current>Time period for which the data is relevant:</current>
		</timeperd>
		<status>
			<progress>Complete</progress>
			<update>None planned</update>
		</status>
		<spdom>
			<bounding>
				<westbc>
-116.232170</westbc>
				<eastbc>
-113.645720</eastbc>
				<northbc>
37.087201</northbc>
				<southbc>
34.628549</southbc>
			</bounding>
		</spdom>
		<keywords>
			<theme>
				<themekt>REQUIRED: Reference to a formally registered thesaurus or a similar authoritative source of theme keywords.</themekt>
				<themekey>REQUIRED: Common-use word or phrase used to describe the subject of the data set.</themekey>
			</theme>
			<place>
				<placekey>Clark County, Nevada</placekey>
			</place>
			<temporal>
				<tempkey>2010</tempkey>
			</temporal>
		</keywords>
		<accconst>None.</accconst>
		<useconst>Although these data were produced on a United States Geological Survey computer system, no liability is assumed or implied as to the current accuracy or utility of the data on any system or for general or scientific purposes, nor shall the act of distribution constitute any such warranty for individual or aggregate use with other data. The United States Geological Survey shall not be held liable for the improper use of the data described and/or contained herein. By using this data you hereby agree to these conditions.</useconst>
		<ptcontac>
			<cntinfo>
				<cntorgp>
					<cntorg>United States Geological Survey, Western Research Ecological Center, Las Vegas Field Station</cntorg>
					<cntper>GIS Specialist</cntper>
				</cntorgp>
				<cntaddr>
					<addrtype>physical address</addrtype>
					<address>160 N Stephanie St</address>
					<city>Henderson,</city>
					<state>NV</state>
					<postal>89074</postal>
					<country>USA</country>
				</cntaddr>
				<cntvoice>702-564-4500</cntvoice>
				<cntfax>702-564-4600</cntfax>
			</cntinfo>
		</ptcontac>
		<native>Microsoft Windows XP Version 5.1 (Build 2600) Service Pack 3; ESRI ArcCatalog 9.3.1.3000</native>
		<natvform Sync="TRUE">Shapefile</natvform></idinfo>
	<dataqual>
		<lineage>
			<procstep>
				<procdesc>Metadata imported.</procdesc>
				<srcused>C:\Documents and Settings\brd\My Documents\ASTER_21.xml</srcused>
				<procdate>20101230</procdate>
				<proctime>08412400</proctime>
			</procstep>
			<procstep>
				<procdesc>Metadata imported.</procdesc>
				<srcused>C:\Documents and Settings\brd\My Documents\ASTER_798.xml</srcused>
				<procdate>20101230</procdate>
				<proctime>08465800</proctime>
			</procstep>
			<procstep><procdesc Sync="TRUE">Metadata imported.</procdesc><srcused Sync="TRUE">C:\WorkSpace\metadata.xml</srcused><procdate Sync="TRUE">20101231</procdate><proctime Sync="TRUE">08284700</proctime></procstep></lineage>
	</dataqual>
	<spdoinfo>
		<direct>Raster</direct>
		<rastinfo>
			<rasttype>Pixel</rasttype>
			<rowcount>1073</rowcount>
			<colcount>912</colcount>
			<vrtcount>1</vrtcount>
		</rastinfo>
	</spdoinfo>
	<spref>
		<horizsys>
			<planar>
				<gridsys>
					<gridsysn>Universal Transverse Mercator</gridsysn>
					<utm>
						<utmzone>11</utmzone>
						<transmer>
							<sfctrmer>0.999600</sfctrmer>
							<longcm>-117.000000</longcm>
							<latprjo>0.000000</latprjo>
							<feast>500000.000000</feast>
							<fnorth>0.000000</fnorth>
						</transmer>
					</utm>
				</gridsys>
				<planci>
					<plance>row and column</plance>
					<coordrep>
						<absres>249.983553</absres>
						<ordres>249.925443</ordres>
					</coordrep>
					<plandu>meters</plandu>
				</planci>
			</planar>
			<geodetic>
				<horizdn>North American Datum of 1983</horizdn>
				<ellips>Geodetic Reference System 80</ellips>
				<semiaxis>6378137.000000</semiaxis>
				<denflat>298.257222</denflat>
			</geodetic>
		</horizsys>
	</spref>
	<eainfo>
		<detailed>
			<enttyp>
				<enttypl>
GEOMORPH_250SG1.img.vat</enttypl>
			</enttyp>
			<attr>
				<attrlabl>OID</attrlabl>
				<attrdef>Internal feature number.</attrdef>
				<attrdefs>ESRI</attrdefs>
				<attrdomv>
					<udom>Sequential unique whole numbers that are automatically generated.</udom>
				</attrdomv>
			</attr>
			<attr>
				<attrlabl>Value</attrlabl>
			</attr>
			<attr>
				<attrlabl>Red</attrlabl>
			</attr>
			<attr>
				<attrlabl>Green</attrlabl>
			</attr>
			<attr>
				<attrlabl>Blue</attrlabl>
			</attr>
			<attr>
				<attrlabl>Opacity</attrlabl>
			</attr>
		</detailed>
	</eainfo>
	<distinfo>
		<resdesc>Downloadable Data</resdesc>
		<stdorder>
			<digform>
				<digtinfo>
					<transize>0.000</transize>
					<dssize Sync="TRUE">0.011</dssize></digtinfo>
			</digform>
		</stdorder>
	</distinfo>
	<metainfo>
		<metd>20101230</metd>
		<metc>
			<cntinfo>
				<cntorgp>
					<cntorg>REQUIRED: The organization responsible for the metadata information.</cntorg>
					<cntper>REQUIRED: The person responsible for the metadata information.</cntper>
				</cntorgp>
				<cntaddr>
					<addrtype>REQUIRED: The mailing and/or physical address for the organization or individual.</addrtype>
					<city>REQUIRED: The city of the address.</city>
					<state>REQUIRED: The state or province of the address.</state>
					<postal>REQUIRED: The ZIP or other postal code of the address.</postal>
				</cntaddr>
				<cntvoice>REQUIRED: The telephone number by which individuals can speak to the organization or individual.</cntvoice>
			</cntinfo>
		</metc>
		<metstdn>FGDC Content Standards for Digital Geospatial Metadata</metstdn>
		<metstdv>FGDC-STD-001-1998</metstdv>
		<mettc>local time</mettc>
		<metextns>
			<onlink>http://www.esri.com/metadata/esriprof80.html</onlink>
			<metprof>ESRI Metadata Profile</metprof>
		</metextns>
		<metextns>
			<onlink>http://www.esri.com/metadata/esriprof80.html</onlink>
			<metprof>ESRI Metadata Profile</metprof>
		</metextns>
		<metextns>
			<onlink>http://www.esri.com/metadata/esriprof80.html</onlink>
			<metprof>ESRI Metadata Profile</metprof>
		</metextns>
	</metainfo>
	<Esri><MetaID>{4F91667D-36DE-4D96-947F-943063106692}</MetaID><CreaDate>20101231</CreaDate><CreaTime>08284700</CreaTime><SyncOnce>FALSE</SyncOnce><SyncDate>20110103</SyncDate><SyncTime>14583900</SyncTime><ModDate>20110103</ModDate><ModTime>14585600</ModTime></Esri></metadata>
